{"zxnka":{"chest_action":{"z":45.67187118530273,"y":2665.8134765625,"x":1869.489990234375},"parking":{"z":45.73330688476562,"y":2672.361328125,"x":1874.4073486328128},"name":"zxnka","take_vehicle":{"z":45.67187118530273,"y":2669.745849609375,"x":1872.023193359375},"vehicle_spawn":{"z":45.67475509643555,"y":2673.3515625,"x":1878.06494140625,"w":264.595703125},"boss_action":{"z":45.67187118530273,"y":2655.197998046875,"x":1871.452880859375}},"ripou":{"chest_action":{"x":232.4159393310547,"y":-784.0294189453125,"z":30.67461776733398},"vehicle_spawn":{"x":217.38877868652345,"y":-793.4550170898438,"z":30.79495429992675,"w":140.343505859375},"name":"ripou","take_vehicle":{"x":230.60426330566407,"y":-791.018798828125,"z":30.62912368774414},"boss_action":{"x":239.93421936035157,"y":-784.1778564453125,"z":30.59465026855468},"parking":{"x":222.10183715820313,"y":-787.0590209960938,"z":30.77979850769043}}}