{"zxnka":{"vehicle_spawn":{"x":1878.06494140625,"y":2673.3515625,"z":45.67475509643555,"w":264.595703125},"chest_action":{"x":1869.489990234375,"y":2665.8134765625,"z":45.67187118530273},"boss_action":{"x":1871.452880859375,"y":2655.197998046875,"z":45.67187118530273},"name":"zxnka","take_vehicle":{"x":1872.023193359375,"y":2669.745849609375,"z":45.67187118530273},"parking":{"x":1874.4073486328126,"y":2672.361328125,"z":45.73330688476562}}}